[
  {
    "id": "53945a37-161e-41b9-94dc-ab62d6385cb0",
    "data": [
      {
        "text": "persona",
        "alias": "person",
        "meta": "@sys.person",
        "userDefined": true
      }
    ],
    "isTemplate": false,
    "count": 0
  },
  {
    "id": "1f484a50-f6d2-4ef0-b8db-5ba48cb7a975",
    "data": [
      {
        "text": "mi nombre es ",
        "userDefined": false
      },
      {
        "text": "persona",
        "alias": "person",
        "meta": "@sys.person",
        "userDefined": true
      }
    ],
    "isTemplate": false,
    "count": 0
  },
  {
    "id": "ee2de21f-65ab-4971-b163-856f7ce169af",
    "data": [
      {
        "text": "me llamo ",
        "userDefined": false
      },
      {
        "text": "persona",
        "alias": "person",
        "meta": "@sys.person",
        "userDefined": true
      }
    ],
    "isTemplate": false,
    "count": 0
  }
]