[
  {
    "id": "24a485af-0db7-4513-bb2b-672868f40ada",
    "data": [
      {
        "text": "quienes son los participantes del capitulo",
        "userDefined": false
      }
    ],
    "isTemplate": false,
    "count": 0
  },
  {
    "id": "94ee533f-89b1-46ab-818c-0c6aac1a975f",
    "data": [
      {
        "text": "quienes son los integreantes del capitulo",
        "userDefined": false
      }
    ],
    "isTemplate": false,
    "count": 0
  },
  {
    "id": "f00bf7df-efd0-4b7a-a212-43c5b180e970",
    "data": [
      {
        "text": "¿Quiénes ",
        "userDefined": false
      },
      {
        "text": "forman",
        "alias": "geo-city",
        "meta": "@sys.geo-city",
        "userDefined": false
      },
      {
        "text": " parte del comité ejecutivo?",
        "userDefined": false
      }
    ],
    "isTemplate": false,
    "count": 0
  }
]