[
  {
    "id": "a7e2294c-d391-45a0-ad9c-a7985d8bb188",
    "data": [
      {
        "text": "como puedo ser patrocinador",
        "userDefined": false
      }
    ],
    "isTemplate": false,
    "count": 0
  },
  {
    "id": "1ff7a9e5-eba0-4e3a-a3f5-2ead1d77823e",
    "data": [
      {
        "text": "como puedo ser parte del capitulo",
        "userDefined": false
      }
    ],
    "isTemplate": false,
    "count": 0
  },
  {
    "id": "476b24ce-ee2e-4c09-9434-c1e8061d594b",
    "data": [
      {
        "text": "ser miembro de esta comunidad",
        "userDefined": false
      }
    ],
    "isTemplate": false,
    "count": 0
  },
  {
    "id": "c6d04059-cac8-4d88-a61f-cb40569c565e",
    "data": [
      {
        "text": "ser miembro del capitulo",
        "userDefined": false
      }
    ],
    "isTemplate": false,
    "count": 0
  }
]