[
  {
    "id": "f9661521-2dde-4303-9165-6cb2811b5b02",
    "data": [
      {
        "text": "cuales son esas ",
        "userDefined": false
      },
      {
        "text": "5",
        "alias": "time",
        "meta": "@sys.time",
        "userDefined": false
      },
      {
        "text": " diviciones",
        "userDefined": false
      }
    ],
    "isTemplate": false,
    "count": 0
  },
  {
    "id": "8abe1060-72c1-48bb-940b-a56b43fd05c2",
    "data": [
      {
        "text": "¿Cuáles son esas divisiones?",
        "userDefined": false
      }
    ],
    "isTemplate": false,
    "count": 0
  }
]